participant_id,key_r,key_b
sub-pixar001,5c8ff37da743a90018606df1,5c8ff37c2286e80019c3c102
sub-pixar002,5cb4701e3992690018133d4f,5cb46e6b353c58001b9cb34f
sub-pixar003,5c8ff37d4712b400193b5b54,5c8ff37d4712b400183b7011
sub-pixar004,5c8ff37e2286e80016c3c2cb,5c8ff3832286e80019c3c10f
sub-pixar005,5c8ff3822286e80018c3e37b,5c8ff382a743a90018606df8
sub-pixar006,5c8ff3814712b4001a3b5561,5c8ff3832286e80016c3c2d1
sub-pixar007,5c8ff3842286e80017c419e0,5c8ff3854712b4001a3b5568
sub-pixar008,5cb4702f39926900171090ee,5cb46e8b353c58001c9abe98
sub-pixar009,5c8ff3872286e80017c419ea,5c8ff3872286e80017c419e9
sub-pixar010,5c8ff3884712b400183b7023,5c8ff3884712b400193b5b5c
sub-pixar011,5c8ff389a743a9001660a016,5c8ff38c2286e80016c3c2da
sub-pixar012,5c8ff38ca743a90018606dfe,5c8ff38ca743a9001760809e
sub-pixar013,5cb47056353c58001c9ac064,5cb46e5af2be3c001801f799
sub-pixar014,5cb4703bf2be3c001801fa49,5cb46e92a3bc970019f0717f
sub-pixar015,5c8ff38c4712b4001a3b5573,5c8ff38da743a900176080a2
sub-pixar016,5cb47016a3bc970017efe44f,5cb46e43f2be3c0017056b8a
sub-pixar017,5cb470413992690018133d8c,5cb46e9a353c58001c9abeac
sub-pixar018,5c8ff38f2286e80018c3e38d,5c8ff3914712b4001a3b5579
sub-pixar019,5cb4702a353c58001b9cb5ae,5cb46e9b39926900190fad5c
sub-pixar020,5c8ff391a743a900176080a9,5c8ff3914712b400173b5329
sub-pixar021,5cb47023353c58001c9ac02b,5cb46eaa39926900160f69af
sub-pixar022,5c8ff3912286e80018c3e393,5c8ff3952286e80017c41a1b
sub-pixar023,5cb47045a3bc970019f073a0,5cb46e913992690018133b1c
sub-pixar024,5cb47052f2be3c0017057069,5cb46e5c353c5800199ac79f
sub-pixar025,5cb47057f2be3c0019030a1f,5cb46e63f2be3c0017056ba9
sub-pixar026,5cb4704af2be3c001705703b,5cb46e7a353c58001a9b3324
sub-pixar027,5c8ff3952286e80016c3c2e7,5c8ff3954712b400193b5b79
sub-pixar028,5cb47016a3bc970018f1fc88,5cb46e6ba3bc970019f07152
sub-pixar029,5c8ff395a743a900176080af,5c8ff3964712b400193b5b7d
sub-pixar030,5c8ff399a743a9001660a031,5c8ff3982286e80017c41a29
sub-pixar031,5c8ff39aa743a90018606e21,5c8ff39aa743a900176080ba
sub-pixar032,5cb470153992690018133d3b,5cb46e793992690017108eb9
sub-pixar033,5cb47038353c5800199ac9a2,5cb46e85a3bc97001aeff750
sub-pixar034,5cb4701c3992690018133d49,5cb46e1c3992690018133a9e
sub-pixar035,5c8ff39aa743a900176080bf,5c8ff39d4712b400193b5b89
sub-pixar036,5cb4703039926900160f6b3e,5cb46e4d353c58001b9cb325
sub-pixar037,5cb4700af2be3c0017056f69,5cb46e0cf2be3c001801f757
sub-pixar038,5cb4702b39926900171090e4,5cb46e35f2be3c00190305ff
sub-pixar039,5c8ff39ca743a90019606c50,5c8ff3a2a743a9001660a048
sub-pixar040,5cb4701ff2be3c0017056fad,5cb46e0339926900160f6930
sub-pixar041,5c8ff3a12286e80017c41a48,5c8ff3a12286e80016c3c2fc
sub-pixar042,5c8ff39fa743a90018606e2f,5c8ff3a34712b4001a3b55a3
sub-pixar043,5cb4703439926900160f6b43,5cb46e40f2be3c001801f77f
sub-pixar044,5c8ff3a34712b400193b5b92,5c8ff3a84712b400183b7048
sub-pixar045,5cb47020f2be3c0019030968,5cb46e6f353c58001a9b3311
sub-pixar046,5c8ff3a72286e80017c41a54,5c8ff3a7a743a90018606e42
sub-pixar047,5cb4702639926900190faf1d,5cb46e3f353c5800199ac787
sub-pixar048,5cb47049353c5800199ac9b4,5cb46eaa353c58001c9abebb
sub-pixar049,5c8ff3a74712b4001a3b55ad,5c8ff3a72286e80017c41a59
sub-pixar050,5c8ff3aa4712b400183b704d,5c8ff3ac4712b4001a3b55b7
sub-pixar051,5cb47051f2be3c001601df24,5cb46e12f2be3c001801f75e
sub-pixar052,5c8ff3aca743a9001660a063,5c8ff3ac4712b400183b7051
sub-pixar053,5cb47032a3bc970019f07386,5cb46e42353c58001b9cb311
sub-pixar054,5cb47036f2be3c001801fa3d,5cb46e6539926900190fad0c
sub-pixar055,5cb47057353c58001a9b353f,5cb46ea4353c58001b9cb3a6
sub-pixar056,5cb4703af2be3c001601def7,5cb46e51f2be3c001801f78e
sub-pixar057,5c8ff3ae4712b400183b7055,5c8ff3af2286e80018c3e3c0
sub-pixar058,5c8ff3b02286e80018c3e3c4,5c8ff3b14712b400183b705a
sub-pixar059,5cb47029f2be3c0019030994,5cb46e17f2be3c00190305da
sub-pixar060,5cb47047f2be3c0017057034,5cb46e23a3bc970018f1fa00
sub-pixar061,5c8ff3b12286e80016c3c30f,5c8ff3b34712b400183b7060
sub-pixar062,5c8ff3b2a743a9001660a07a,5c8ff3b54712b400193b5ba3
sub-pixar063,5c9e99d006cd47001a5ab599,5c8ff3b62286e80016c3c31b
sub-pixar064,5cb47011f2be3c001903092f,5cb46e54353c58001a9b32f3
sub-pixar065,5c8ff3b72286e80017c41a88,5c8ff3b94712b4001a3b55bf
sub-pixar066,5cb47039a3bc970018f1fcbf,5cb46e983992690017108ed8
sub-pixar067,5c8ff3b92286e80017c41a8e,5c8ff3b92286e80018c3e3e0
sub-pixar068,5c8ff3ba2286e80016c3c325,5c8ff3bd2286e80017c41a9e
sub-pixar069,5cb4700bf2be3c001801f9c3,5cb46e22f2be3c0017056b52
sub-pixar070,5cb47019a3bc970017efe457,5cb46e1fa3bc970018f1f9f5
sub-pixar071,5cb470313992690018133d6d,5cb46e85f2be3c001601dc65
sub-pixar072,5c8ff3be4712b400193b5bab,5c8ff3bf2286e80017c41aa8
sub-pixar073,5c8ff3be4712b4001a3b55c4,5c8ff3c12286e80017c41ab1
sub-pixar074,5c8ff3c34712b400173b5362,5c8ff3c42286e80017c41ab6
sub-pixar075,5cb47010f2be3c0017056f80,5cb46ea03992690017108ee8
sub-pixar076,5cb47022f2be3c0017056fb9,5cb46e30353c58001b9cb2f5
sub-pixar077,5c8ff3c44712b400183b7071,5c8ff3c42286e80017c41abc
sub-pixar078,5cb4700cf2be3c0017056f70,5cb46e4fa3bc970019f0713b
sub-pixar079,5cb4702af2be3c001601debb,5cb46e75353c58001a9b331b
sub-pixar080,5c8ff3c7a743a90018606e5f,5c8ff3c9a743a90017608120
sub-pixar081,5cb47019f2be3c0019030945,5cb46e5ba3bc97001aeff72b
sub-pixar082,5cb4702cf2be3c0017056fdb,5cb46e4b353c5800199ac78f
sub-pixar083,5cb4701a39926900171090bb,5cb46ea7353c58001b9cb3ac
sub-pixar084,5cb47010a3bc970019f0735c,5cb46e8e3992690017108ed0
sub-pixar085,5cb470423992690018133d92,5cb46e46a3bc970018f1fa36
sub-pixar086,5cb4700df2be3c001801f9c8,5cb46e4f353c58001a9b32e9
sub-pixar087,5cb4702ff2be3c00190309b0,5cb46e8af2be3c0017056be0
sub-pixar088,5cb47047f2be3c001801fa64,5cb46ea43992690017108ef5
sub-pixar089,5c8ff3c94712b4001a3b55d3,5c8ff3c9a743a9001760811a
sub-pixar090,5c8ff3ca4712b400183b707a,5c8ff3cc2286e80017c41adc
sub-pixar091,5cb47027f2be3c0017056fd0,5cb46e38a3bc970018f1fa25
sub-pixar092,5cb47028f2be3c001801fa13,5cb46e2fa3bc970018f1fa11
sub-pixar093,5cb47050f2be3c0017057062,5cb46e77f2be3c001601dc4f
sub-pixar094,5cb4701e39926900171090c7,5cb46e82f2be3c001903063e
sub-pixar095,5cb47015f2be3c001801f9df,5cb46e8139926900160f698a
sub-pixar096,5cb47013f2be3c0019030935,5cb46e65353c58001b9cb346
sub-pixar097,5c8ff3cea743a90019606c9f,5c8ff3cea743a90018606e68
sub-pixar098,5cb47025f2be3c001801fa04,5cb46e09a3bc970018f1f9d8
sub-pixar099,5cb47044a3bc970018f1fccc,5cb46e29f2be3c0017056b6a
sub-pixar100,5cb47042f2be3c0017057025,5cb46e64a3bc970019f0714b
sub-pixar101,5cb4705239926900160f6b74,5cb46e00f2be3c001601dbf3
sub-pixar102,5cb4704d353c58001b9cb5d8,5cb46dfff2be3c001601dbef
sub-pixar103,5c8ff3ce2286e80016c3c34b,5c8ff3d12286e80019c3c16f
sub-pixar104,5cb47010f2be3c0019030921,5cb46e0539926900160f6935
sub-pixar105,5cb47052353c58001b9cb5e3,5cb46df9f2be3c0017056b01
sub-pixar106,5cb4700d353c58001b9cb57d,5cb46dfef2be3c0017056b15
sub-pixar107,5cb470383992690018133d76,5cb46dfc3992690018133a72
sub-pixar108,5cb4703ef2be3c00190309d3,5cb46e0ea3bc970019f0710c
sub-pixar109,5c8ff3d3a743a90019606caa,5c8ff3d34712b400193b5bc7
sub-pixar110,5c8ff3d22286e80017c41af2,5c8ff3d52286e80017c41afe
sub-pixar111,5cb4704ef2be3c001801fa79,5cb46e7339926900190fad1a
sub-pixar112,5cb4700fa3bc97001aeff8f0,5cb46e16f2be3c0017056b3e
sub-pixar113,5c8ff3d84712b400183b708c,5c8ff3d7a743a90017608138
sub-pixar114,5cb4704cf2be3c0017057049,5cb46e34a3bc97001aeff717
sub-pixar115,5cb470553992690018133dbe,5cb46e29f2be3c001601dc17
sub-pixar116,5c8ff3d8a743a90019606cb5,5c8ff3d8a743a90018606e75
sub-pixar117,5c8ff3dba743a90018606e7e,5c8ff3de4712b4001a3b55f4
sub-pixar118,5cb47017f2be3c0017056f8d,5cb46e13f2be3c0017056b37
sub-pixar119,5cb4704ca3bc970018f1fcda,5cb46e0b39926900160f693c
sub-pixar120,5cb4704c3992690018133da6,5cb46e1c3992690018133aa2
sub-pixar121,5c8ff3dc4712b4001a3b55f0,5c8ff3df2286e80018c3e421
sub-pixar122,5cb47021353c58001b9cb59f,5cb46e2f353c58001b9cb2f1
sub-pixar123,5c8ff3df4712b400183b7092,5c8ff3e04712b400193b5bdf
sub-pixar124,5c8ff3e14712b400183b7097,5c8ff3e32286e80018c3e42c
sub-pixar125,5c8ff3e4a743a9001760814f,5c8ff3e54712b400183b70a5
sub-pixar126,5c8ff3e52286e80018c3e439,5c8ff3e72286e80017c41b3d
sub-pixar127,5c8ff3e9a743a90017608158,5c8ff3e82286e80018c3e443
sub-pixar128,5c8ff3ea4712b400183b70b7,5c8ff3eb2286e80019c3c194
sub-pixar129,5c8ff3eb2286e80019c3c198,5c8ff3ed2286e80017c41b56
sub-pixar130,5c8ff3ee2286e80016c3c379,5c8ff3ee4712b400183b70c3
sub-pixar131,5c8ff3efa743a9001660a0d5,5c8ff3f14712b4001a3b560e
sub-pixar132,5c8ff3f1a743a90017608164,5c8ff3f12286e80016c3c37e
sub-pixar133,5c8ff3f34712b4001a3b5612,5c8ff3f7a743a90019606cdf
sub-pixar134,5c8ff3f6a743a90017608171,5c8ff3f64712b400183b70d8
sub-pixar135,5c8ff3f72286e80019c3c1af,5c8ff3f92286e80018c3e463
sub-pixar136,5c8ff4534712b400183b716d,5c8ff3fb2286e80017c41b72
sub-pixar137,5c8ff3fb2286e80019c3c1b3,5c8ff3fd4712b400183b70e6
sub-pixar138,5c8ff3fe4712b4001a3b5620,5c8ff3ff4712b400173b5399
sub-pixar139,5c8ff401a743a9001660a104,5c8ff403a743a90017608181
sub-pixar140,5c8ff4034712b400183b70f6,5c8ff4042286e80019c3c1c2
sub-pixar141,5c8ff4052286e80017c41b92,5c8ff4064712b400183b70fe
sub-pixar142,5c8ff4074712b400183b7104,5c8ff40aa743a9001660a119
sub-pixar143,5c8ff4092286e80017c41ba7,5c8ff40b2286e80016c3c39a
sub-pixar144,5c8ff40d2286e80016c3c39f,5c8ff40da743a90018606eac
sub-pixar145,5c8ff40e4712b400173b53a8,5c8ff4104712b400173b53ad
sub-pixar146,5c8ff4112286e80016c3c3a5,5c8ff412a743a9001660a128
sub-pixar147,5c8ff414a743a90019606cfc,5c8ff416a743a90019606d01
sub-pixar148,5c8ff417a743a9001660a130,5c8ff4184712b400193b5c19
sub-pixar149,5c8ff41a2286e80019c3c1de,5c8ff41aa743a9001660a13b
sub-pixar150,5c8ff41b2286e80016c3c3b6,5c8ff41d2286e80018c3e499
sub-pixar151,5c8ff41da743a900176081a2,5c8ff41ea743a90018606ec7
sub-pixar152,5c8ff4202286e80019c3c1e2,5c8ff4212286e80018c3e49d
sub-pixar153,5c8ff4212286e80019c3c1e6,5c8ff424a743a900176081af
sub-pixar154,5c8ff4264712b400193b5c2f,5c8ff4252286e80017c41bfc
sub-pixar155,5c8ff4282286e80017c41c0a,5c8ff4292286e80017c41c0f
