,participant_id,key_r,key_b
0,sub-pixar001,5c8ff37da743a90018606df1,5c8ff37c2286e80019c3c102
1,sub-pixar003,5c8ff37d4712b400193b5b54,5c8ff37d4712b400183b7011
2,sub-pixar004,5c8ff37e2286e80016c3c2cb,5c8ff3832286e80019c3c10f
3,sub-pixar005,5c8ff3822286e80018c3e37b,5c8ff382a743a90018606df8
4,sub-pixar006,5c8ff3814712b4001a3b5561,5c8ff3832286e80016c3c2d1
5,sub-pixar007,5c8ff3842286e80017c419e0,5c8ff3854712b4001a3b5568
6,sub-pixar009,5c8ff3872286e80017c419ea,5c8ff3872286e80017c419e9
7,sub-pixar010,5c8ff3884712b400183b7023,5c8ff3884712b400193b5b5c
8,sub-pixar011,5c8ff389a743a9001660a016,5c8ff38c2286e80016c3c2da
9,sub-pixar012,5c8ff38ca743a90018606dfe,5c8ff38ca743a9001760809e
10,sub-pixar015,5c8ff38c4712b4001a3b5573,5c8ff38da743a900176080a2
11,sub-pixar018,5c8ff38f2286e80018c3e38d,5c8ff3914712b4001a3b5579
12,sub-pixar020,5c8ff391a743a900176080a9,5c8ff3914712b400173b5329
13,sub-pixar022,5c8ff3912286e80018c3e393,5c8ff3952286e80017c41a1b
14,sub-pixar027,5c8ff3952286e80016c3c2e7,5c8ff3954712b400193b5b79
15,sub-pixar029,5c8ff395a743a900176080af,5c8ff3964712b400193b5b7d
16,sub-pixar030,5c8ff399a743a9001660a031,5c8ff3982286e80017c41a29
17,sub-pixar031,5c8ff39aa743a90018606e21,5c8ff39aa743a900176080ba
18,sub-pixar035,5c8ff39aa743a900176080bf,5c8ff39d4712b400193b5b89
19,sub-pixar039,5c8ff39ca743a90019606c50,5c8ff3a2a743a9001660a048
20,sub-pixar041,5c8ff3a12286e80017c41a48,5c8ff3a12286e80016c3c2fc
21,sub-pixar042,5c8ff39fa743a90018606e2f,5c8ff3a34712b4001a3b55a3
22,sub-pixar044,5c8ff3a34712b400193b5b92,5c8ff3a84712b400183b7048
23,sub-pixar046,5c8ff3a72286e80017c41a54,5c8ff3a7a743a90018606e42
24,sub-pixar049,5c8ff3a74712b4001a3b55ad,5c8ff3a72286e80017c41a59
25,sub-pixar050,5c8ff3aa4712b400183b704d,5c8ff3ac4712b4001a3b55b7
26,sub-pixar052,5c8ff3aca743a9001660a063,5c8ff3ac4712b400183b7051
27,sub-pixar057,5c8ff3ae4712b400183b7055,5c8ff3af2286e80018c3e3c0
28,sub-pixar058,5c8ff3b02286e80018c3e3c4,5c8ff3b14712b400183b705a
29,sub-pixar061,5c8ff3b12286e80016c3c30f,5c8ff3b34712b400183b7060
30,sub-pixar062,5c8ff3b2a743a9001660a07a,5c8ff3b54712b400193b5ba3
31,sub-pixar063,5c9e99d006cd47001a5ab599,5c8ff3b62286e80016c3c31b
32,sub-pixar065,5c8ff3b72286e80017c41a88,5c8ff3b94712b4001a3b55bf
33,sub-pixar067,5c8ff3b92286e80017c41a8e,5c8ff3b92286e80018c3e3e0
34,sub-pixar068,5c8ff3ba2286e80016c3c325,5c8ff3bd2286e80017c41a9e
35,sub-pixar072,5c8ff3be4712b400193b5bab,5c8ff3bf2286e80017c41aa8
36,sub-pixar073,5c8ff3be4712b4001a3b55c4,5c8ff3c12286e80017c41ab1
37,sub-pixar074,5c8ff3c34712b400173b5362,5c8ff3c42286e80017c41ab6
38,sub-pixar077,5c8ff3c44712b400183b7071,5c8ff3c42286e80017c41abc
39,sub-pixar080,5c8ff3c7a743a90018606e5f,5c8ff3c9a743a90017608120
40,sub-pixar089,5c8ff3c94712b4001a3b55d3,5c8ff3c9a743a9001760811a
41,sub-pixar090,5c8ff3ca4712b400183b707a,5c8ff3cc2286e80017c41adc
42,sub-pixar097,5c8ff3cea743a90019606c9f,5c8ff3cea743a90018606e68
43,sub-pixar103,5c8ff3ce2286e80016c3c34b,5c8ff3d12286e80019c3c16f
44,sub-pixar109,5c8ff3d3a743a90019606caa,5c8ff3d34712b400193b5bc7
45,sub-pixar110,5c8ff3d22286e80017c41af2,5c8ff3d52286e80017c41afe
46,sub-pixar113,5c8ff3d84712b400183b708c,5c8ff3d7a743a90017608138
47,sub-pixar116,5c8ff3d8a743a90019606cb5,5c8ff3d8a743a90018606e75
48,sub-pixar117,5c8ff3dba743a90018606e7e,5c8ff3de4712b4001a3b55f4
49,sub-pixar121,5c8ff3dc4712b4001a3b55f0,5c8ff3df2286e80018c3e421
50,sub-pixar123,5c8ff3df4712b400183b7092,5c8ff3e04712b400193b5bdf
51,sub-pixar124,5c8ff3e14712b400183b7097,5c8ff3e32286e80018c3e42c
52,sub-pixar125,5c8ff3e4a743a9001760814f,5c8ff3e54712b400183b70a5
53,sub-pixar126,5c8ff3e52286e80018c3e439,5c8ff3e72286e80017c41b3d
54,sub-pixar127,5c8ff3e9a743a90017608158,5c8ff3e82286e80018c3e443
55,sub-pixar128,5c8ff3ea4712b400183b70b7,5c8ff3eb2286e80019c3c194
56,sub-pixar129,5c8ff3eb2286e80019c3c198,5c8ff3ed2286e80017c41b56
57,sub-pixar130,5c8ff3ee2286e80016c3c379,5c8ff3ee4712b400183b70c3
58,sub-pixar131,5c8ff3efa743a9001660a0d5,5c8ff3f14712b4001a3b560e
59,sub-pixar132,5c8ff3f1a743a90017608164,5c8ff3f12286e80016c3c37e
60,sub-pixar133,5c8ff3f34712b4001a3b5612,5c8ff3f7a743a90019606cdf
61,sub-pixar134,5c8ff3f6a743a90017608171,5c8ff3f64712b400183b70d8
62,sub-pixar135,5c8ff3f72286e80019c3c1af,5c8ff3f92286e80018c3e463
63,sub-pixar136,5c8ff4534712b400183b716d,5c8ff3fb2286e80017c41b72
64,sub-pixar137,5c8ff3fb2286e80019c3c1b3,5c8ff3fd4712b400183b70e6
65,sub-pixar138,5c8ff3fe4712b4001a3b5620,5c8ff3ff4712b400173b5399
66,sub-pixar139,5c8ff401a743a9001660a104,5c8ff403a743a90017608181
67,sub-pixar140,5c8ff4034712b400183b70f6,5c8ff4042286e80019c3c1c2
68,sub-pixar141,5c8ff4052286e80017c41b92,5c8ff4064712b400183b70fe
69,sub-pixar142,5c8ff4074712b400183b7104,5c8ff40aa743a9001660a119
70,sub-pixar143,5c8ff4092286e80017c41ba7,5c8ff40b2286e80016c3c39a
71,sub-pixar144,5c8ff40d2286e80016c3c39f,5c8ff40da743a90018606eac
72,sub-pixar145,5c8ff40e4712b400173b53a8,5c8ff4104712b400173b53ad
73,sub-pixar146,5c8ff4112286e80016c3c3a5,5c8ff412a743a9001660a128
74,sub-pixar147,5c8ff414a743a90019606cfc,5c8ff416a743a90019606d01
75,sub-pixar148,5c8ff417a743a9001660a130,5c8ff4184712b400193b5c19
76,sub-pixar149,5c8ff41a2286e80019c3c1de,5c8ff41aa743a9001660a13b
77,sub-pixar150,5c8ff41b2286e80016c3c3b6,5c8ff41d2286e80018c3e499
78,sub-pixar151,5c8ff41da743a900176081a2,5c8ff41ea743a90018606ec7
79,sub-pixar152,5c8ff4202286e80019c3c1e2,5c8ff4212286e80018c3e49d
80,sub-pixar153,5c8ff4212286e80019c3c1e6,5c8ff424a743a900176081af
81,sub-pixar154,5c8ff4264712b400193b5c2f,5c8ff4252286e80017c41bfc
82,sub-pixar155,5c8ff4282286e80017c41c0a,5c8ff4292286e80017c41c0f
