Go	cond_01	cond_02	cond_03	StopSuccess	cond_05	cond_06	cond_07	cond_08	cond_09	cond_10	cond_11	cond_12	cond_13	cond_14	cond_15	cond_16	cond_17	cond_18	cond_19
-0.230218	0.07903246	0.003727029	0.002862131	-0.05071653	-0.0002176371	-0.01744384	-0.001386258	-0.006433648	0.0001339978	-0.8860626	-20.01914	-0.824757	-0.1107162	0.04754883	-0.04071822	-0.2189085	0.001071228	0.0001401152	-0.0005169094
-0.1495866	0.1001788	0.006584777	-0.006082725	-0.05059363	-0.0002317596	-0.01908064	-0.001391856	-0.006233111	0.0001350081	0.1942221	4.395541	0.1929553	-0.01192359	0.07192247	-0.01709186	-0.2091745	0.001045009	0.001172774	0.0005195634
-0.02746807	0.09490202	-0.008447237	-0.009387397	-0.05049923	-0.0002402308	-0.02073275	-0.001389159	-0.00603114	0.0001364083	0.2458521	5.561	0.1850169	0.1389087	0.03028292	0.002575482	-0.1152012	0.002018352	0.0002038213	-0.0004430454
0.04138998	0.0844981	-0.01219856	-0.0051489	-0.05039347	-0.0002130354	-0.02236831	-0.001362477	-0.005828392	0.0001371759	0.1918506	4.338797	0.06837647	0.007630414	0.01260977	0.002255965	-0.08690704	0.0009901533	0.0002332629	-0.0004037201
0.1420128	0.09484387	-0.01875352	-0.00760704	-0.05024491	-0.0001628865	-0.02397116	-0.001324101	-0.005625478	0.0001373339	-0.008943942	-0.2017485	0.01191068	-0.101468	0.02285408	0.0009692002	-0.0882369	0.0009595865	0.0002611074	-0.0003645617
0.2305573	0.07156737	-0.027421	-0.001884526	-0.05003916	-0.0001034205	-0.02553399	-0.001278871	-0.005423007	0.0001375843	0.0113694	0.2571533	0.01863867	-0.0227536	0.01807832	0.002708163	-0.04929903	0.0009277933	0.0002865005	-0.0003245599
0.2837426	0.03777665	-0.02253077	0.009959693	-0.04977209	-4.079824e-05	-0.02705029	-0.001191594	-0.005220184	0.0001368501	0.1028736	2.326362	0.05158352	0.09592041	-0.006743466	0.02147198	0.02290584	-0.00110513	0.000311179	-0.0002837372
0.3041743	-0.02648521	-0.007509906	0.002371956	-0.04944165	5.566379e-05	-0.02844237	0.004657382	-0.005019774	0.002743018	-0.04936164	-1.115558	-0.002205354	-0.02840912	-0.02060274	-0.006751014	0.0023402	-0.001139097	0.0003342952	-0.000242116
0.2286318	-0.1428452	-0.01779542	-0.006703786	-0.04898235	0.0001655991	-0.01826422	0.06962143	0.0003947997	0.02026857	-0.1344089	-3.029231	-0.05580978	0.05625929	-0.03950074	0.009047976	0.08399036	-0.001174035	0.0003558626	-0.0001997184
0.01709811	-0.2006358	-0.02092585	0.002035641	-0.04843301	0.004639899	0.1102973	0.0967663	0.03563049	0.02086422	-0.1211985	-2.745096	-0.06016108	0.003970076	-0.01044284	-0.007128837	0.04594498	-0.001210465	0.0003758958	-0.0001565665
-0.1719125	-0.1465777	-0.01373246	0.006635147	-0.03902626	0.06716644	0.1750878	-0.001862952	0.04213344	-0.006263639	-0.01684776	-0.3927835	-0.01832834	-0.06741099	-0.01442575	-0.005286526	0.03214076	-0.001247686	0.0003944116	-0.0001126821
-0.2734419	-0.06859175	-0.00766401	0.005374068	0.08655648	0.1000589	0.1065534	-0.07490842	0.02309441	-0.01800225	-0.04925867	-1.124096	-0.05427523	-0.02079692	-0.03943385	0.008578519	0.06354021	-0.001285658	0.0004114278	-6.808738e-05
-0.3054663	0.03652081	-0.00299288	0.01669992	0.1614853	0.005825457	0.02508093	-0.0653854	0.00617576	-0.0131169	-0.09643334	-2.182074	-0.05900871	0.0338363	-0.007464232	0.0134548	0.01212095	-0.0003239198	0.0004269642	-2.280435e-05
-0.1964507	0.1068778	0.02572718	0.01848075	0.09844431	-0.06394034	-0.02461184	-0.03659349	-0.003043155	-0.006655366	0.3196391	7.226522	0.2264733	0.1604193	0.07547507	-0.02865449	-0.0590863	0.001636689	0.0004410424	0.001023527
-0.08885015	0.04024983	0.03395945	-0.002135295	0.03397343	0.01065877	-0.04862513	-0.01592658	-0.007011799	-0.002477513	0.264877	5.980854	0.1821404	0.2549987	-0.009628017	0.04525857	0.006924041	-0.0004033877	-0.0005463147	7.010994e-05
-0.1141653	0.01576458	0.02144728	-0.009026447	0.1202657	0.0581278	-0.05704433	-0.003762408	-0.007863414	-8.868468e-05	-0.02171584	-0.4899995	-0.04700623	-0.02544158	-0.0117667	-0.001817273	0.02813952	-0.0004441464	-0.0005350819	-0.0008826895
-0.05528237	0.03868842	0.01589747	-0.01150848	0.1505522	-0.02419604	-0.05675039	0.00232928	-0.007051913	0.001015687	-0.1421262	-3.20573	-0.09596299	-0.02791018	-0.007941847	-0.01487409	0.04454672	-0.0004855939	0.000474501	0.0001651053
-0.03533801	-0.03544741	-0.001578676	-0.01421263	0.07213338	-0.03671317	-0.05298549	0.004087845	-0.005697155	0.001225016	-0.1202977	-2.720069	-0.1047092	0.0166149	-0.004148016	-0.0079151	0.01214403	-0.000527746	-0.0005169934	0.0002134702
-0.124926	-0.05810319	-0.01253646	0.001729799	0.07754981	0.04257761	-0.04916497	0.003438922	-0.004470956	0.0009856505	-0.1422401	-3.203231	-0.09423868	-0.09583189	-0.0003691882	-0.01294463	0.02689504	-0.0005704251	-0.0005096071	0.000262584
-0.1493983	0.06071519	0.00187245	0.01958094	0.1577012	0.01657046	-0.04668833	0.002069721	-0.00359851	0.0006510994	-0.1429641	-3.222466	-0.1155624	-0.1152959	0.003377162	-0.00896954	0.02177393	-0.0006137345	-0.0005037268	0.0003121781
-0.001105052	0.1292095	0.0266167	0.009633479	0.1109356	-0.06752103	-0.0456	0.0008974246	-0.003043961	0.0003879494	-0.1425586	-3.223779	-0.1167617	-0.05279681	-0.01392522	-0.003979867	0.04383883	-0.0006580812	-0.0004991058	0.0003620778
0.1099299	0.0695157	0.02113023	-0.001161084	0.02300186	-0.07236341	-0.04546522	0.000154224	-0.002699435	0.0002260366	-0.2130048	-4.817745	-0.1628115	-0.05334763	-0.01926516	0.004013713	0.08706965	-0.0007033324	-0.0004955854	0.0004124432
0.1377264	0.01506871	0.02428545	-0.001936027	-0.03326449	-0.04069175	-0.04586295	-0.0002323962	-0.002469719	0.0001411513	-0.2133089	-4.817508	-0.1647003	-0.09490581	-0.02764564	0.006013091	0.1084662	-0.0007496505	-0.0004933921	0.0004632482
0.1395897	-0.01564138	0.01724904	-0.01806406	-0.05773708	-0.01575563	-0.04650241	-0.0003928208	-0.002295635	0.0001006047	-0.2464421	-5.571406	-0.1724221	-0.09048985	-0.03406469	-0.006983134	0.1150123	-0.0007969665	-0.0004923518	0.0005144667
0.1059474	-0.03555431	-0.01185168	-0.01629615	-0.06407998	-0.00205716	-0.0472226	-0.0003911053	-0.00214752	0.0001045789	-0.1974097	-4.450572	-0.1379836	-0.09108648	-0.028523	-0.007978552	0.1377039	-0.001845354	-0.0004924257	0.0005660719
0.0683209	-0.04932904	-0.01535175	-0.00441566	-0.06114236	0.004411161	-0.04786043	0.02792026	-0.00196592	0.00530409	-0.1822064	-4.118879	-0.1553856	-0.08269113	-0.03601918	0.008027153	0.1375345	-0.0008948519	-0.0004935302	0.0006180371
0.007504976	-0.08984723	-0.02069142	-0.0009883502	-0.05455476	0.006245312	0.008040503	0.09601563	0.008580686	0.005223745	-0.2528512	-5.710759	-0.1916354	-0.07730544	-0.0325571	0.01502943	0.1565032	-0.001945649	-0.0004957279	0.0006703351
-0.1105504	-0.04676999	-0.01733677	0.006741443	-0.04796262	0.005432828	0.1437337	0.06973519	0.008570787	-0.00334194	-0.2083423	-4.708168	-0.1747348	-0.05593137	-0.03513633	2.746004e-05	0.1436005	-0.0009977692	-0.0004989074	0.0007229385
-0.08403251	0.01356826	-0.007216917	0.004813261	-0.04301379	0.003704833	0.1474142	0.02410286	0.001986051	-0.006910041	1.646321	37.19492	1.529315	0.3804366	0.1082427	0.1190197	0.1198226	0.002948651	-0.001503066	-0.0002241773
-0.08167623	0.02021459	-0.007718817	0.02715588	-0.039888	0.002130147	0.1918519	0.02165591	-0.005140814	-0.01093984	2.125137	48.00943	1.896511	0.1068008	0.06357894	0.06900439	0.01916423	0.001893537	-0.001508133	-0.0001710111
-0.04188925	0.02571259	0.04708628	0.04227604	-0.03809508	0.001070696	0.19075	-0.05213716	-0.01976432	-0.006621676	0.2130987	4.810237	0.1398509	0.1231623	0.009871903	0.01098032	0.07062036	0.0008367851	-0.000514065	-0.0001175888
-0.02893442	0.02501816	0.0768237	0.0002194449	-0.03709195	0.0004734829	0.08759884	-0.0991733	-0.01821215	0.004642155	-0.2157909	-4.882593	-0.1726668	-0.07747491	0.01812009	0.04094502	0.1001867	0.0007782881	-0.000520816	-6.393605e-05
0.00933427	0.03741342	0.04751508	-0.03328014	-0.03649556	0.0001640679	-0.007834125	-0.07321079	-0.01031252	0.006832899	-0.1265353	-2.85815	-0.1180456	-0.05511356	-0.006679883	0.03189758	0.05886022	0.0007179382	-0.0005283409	-1.012912e-05
0.04669734	0.03444414	0.01025387	-0.02965497	-0.03611251	3.927404e-06	-0.05929974	-0.03525977	-0.004401938	0.004502959	0.1098543	2.47932	0.05070739	0.1082539	0.03247375	0.04483801	0.009637376	0.002655627	-0.0005365937	4.382825e-05
0.07865424	0.04113296	-0.01180375	-0.008456301	-0.0358372	-7.648357e-05	-0.07895979	-0.01072146	-0.001179461	0.002276315	0.278385	6.286975	0.1675999	0.04263002	0.04258033	0.006764008	-0.02548624	0.0005912439	-0.0005455284	9.790896e-05
0.1290757	0.04350071	-0.006667215	-0.002033522	-0.03561554	-0.0001284001	-0.08139808	0.001826735	0.0002684213	0.0008440723	-0.01394504	-0.3242294	-0.07137252	-0.05098377	0.07063676	0.02467337	-0.003513062	0.001524683	-0.0005550988	0.0001520859
0.1652644	-0.0183349	-0.01587937	-0.00945988	-0.03544453	-0.0001699499	-0.07596787	0.006725076	0.000622183	1.704822e-05	0.03686759	0.8367921	-0.01220911	-0.04958194	0.04064089	-0.002435296	-0.01844875	0.001455837	-0.0005652584	0.0002063321
0.0916532	-0.04622648	-0.02559539	-0.008826606	-0.03530633	-0.0002031448	-0.06859586	0.007076549	0.0004149835	-0.0003397669	-0.1621779	-3.668989	-0.1289117	-0.009167163	0.01659406	-0.02756107	-0.08729904	0.001384602	-0.0005759614	0.0002606207
0.07279409	0.01213116	-0.03354082	-0.004155462	-0.035202	-0.0002372263	-0.06244421	0.005387311	5.572027e-05	-0.0003824339	-0.1580853	-3.579648	-0.1534805	-0.07373396	0.004496496	-0.04770871	-0.09706909	0.00131088	-0.0005871616	0.0003149248
0.1160865	0.04270139	-0.0339144	-0.004619095	-0.03513218	-0.0002718059	-0.05843524	0.003399395	-0.0002357638	-0.0002863195	-0.2538527	-5.728148	-0.2239144	-0.1202743	0.009345268	-0.03387877	-0.1027555	0.00123468	-0.0005988136	0.0003692179
0.1579354	0.01422234	-0.04278709	-0.0007906715	-0.03509715	-0.0003064684	-0.05624936	0.003988127	-0.0004019466	0.0006202094	-0.0964834	-2.180562	-0.1132138	-0.04978997	0.00413985	-0.04506914	-0.08536745	0.002155835	-0.0006108721	0.0004235861
0.1438517	-0.05025007	-0.03550367	0.005893501	-0.03509673	-0.0003408171	-0.05105745	0.05826134	0.001120113	0.003651174	-0.02297447	-0.5168239	-0.04837915	0.05972707	-0.02112206	-0.00228499	-0.01790689	0.001074261	0.0003767074	-0.0005222009
0.05689644	-0.1157563	-0.03100815	0.009236816	-0.0351304	-0.0003796642	0.05968789	0.1026818	0.007011413	-0.002886023	-0.1193196	-2.694791	-0.1254096	-0.08472239	-0.03644317	-0.009524832	0.009626433	0.0009898857	0.0003639689	-0.0004680751
-0.08733106	-0.06975253	-0.01703817	0.02330059	-0.03520761	-0.0004265738	0.1539985	0.02650726	-0.004558132	-0.00649679	-0.2025329	-4.570782	-0.2013132	-0.009138865	-0.04482262	0.007212455	0.08423299	-9.735755e-05	0.0003509555	-0.0004140624
-0.08083807	-0.01418155	0.01558465	0.01592099	-0.03533494	-0.0004728429	0.1126314	0.008224794	-0.005854567	0.004033404	-0.1216081	-2.749651	-0.1060808	-0.1155165	-0.052264	0.006919758	0.06690294	-0.0001875257	0.0003377096	-0.000360188
-0.1139885	-0.065982	0.01479483	-0.008342587	-0.03550442	-0.0005159989	0.1702733	0.09981676	0.003640063	0.00509751	-0.2775439	-6.276377	-0.1997147	-0.007856406	-0.04275874	-0.006397266	-0.03536848	-0.000280666	0.0003242726	-0.0003064772
-0.2107652	-0.05647691	-0.001109493	-0.002848794	-0.0357177	-0.0005598844	0.3122348	0.05707685	0.004444102	-0.004392753	-0.3133209	-7.082512	-0.2322024	-0.07113624	-0.04331359	-0.01474122	0.008415854	-0.0003768155	0.0003106848	-0.000252955
-0.2239387	0.0457541	0.009088565	0.01994718	-0.0359745	-0.0005970429	0.2847531	-0.09222654	-0.005044143	-0.005767122	-0.2759434	-6.226162	-0.2215491	-0.06436566	-0.05492846	-0.003111019	-0.0287424	-0.0004759998	0.0002969854	-0.0001996458
-0.1161218	0.07509968	0.038776	0.0177856	-0.03626157	-0.0006198422	0.1280389	-0.1423789	-0.006961123	0.0003068115	-0.2344116	-5.295325	-0.2127505	-0.1325422	-0.05260586	-0.01250995	-0.009851269	-0.0005782332	0.0002832126	-0.0001465743
-0.07168115	0.05806513	0.04465036	0.003810836	-0.03656337	-0.0006347612	-0.0001408183	-0.0971416	-0.004295901	0.002443961	-0.2637326	-5.966163	-0.2138135	-0.089661	-0.08034488	-0.02693277	-0.01190788	-0.0006835176	0.0002694032	-9.376437e-05
0.001622648	0.07159883	0.04638816	-0.004740637	-0.03687964	-0.0006518653	-0.06670202	-0.04541545	-0.001946368	0.001787609	-0.2438999	-5.504531	-0.1707311	0.02128288	-0.0251471	-0.013385	0.02007942	0.0002081577	-0.0007444075	0.0009589117
0.07239846	0.0195023	0.03515955	-0.01691735	-0.03721498	-0.0006728637	-0.09159639	-0.013056	-0.0006007132	0.0009662568	-0.1979148	-4.479456	-0.1415024	-0.007707457	-0.006012341	-0.0418656	-0.0258896	-0.0009031831	0.0002418149	0.001011149
0.0408022	-0.01905441	0.01254414	-0.01603603	-0.03757255	-0.0004594528	-0.09350116	0.003760133	0.0001021838	0.0004321286	-0.04977482	-1.131881	-0.0541281	0.05536812	-0.02093931	-0.009371199	0.04417483	-1.750306e-05	-0.0007718973	6.305742e-05
0.03478022	-0.04340282	0.003078561	-0.01358009	-0.03748032	0.036784	-0.08476805	0.01025648	0.0003775289	8.2558e-05	1.180535	26.67353	1.104396	0.785518	0.03707209	-0.129902	-0.2837238	-0.00613475	0.001214487	0.000114613
-0.04545271	-0.07942176	-0.01462481	-0.009357793	0.03664882	0.09967767	-0.07365821	0.01044019	0.0003804803	-0.0001112688	1.295005	29.24755	1.17507	0.02773753	0.01902212	-0.02246049	-0.2645951	-0.006254861	0.001201159	-0.0008340459
-0.1227111	0.002262598	-0.01564546	0.001471883	0.1623732	0.05023368	-0.0645298	0.007876273	0.0002681631	-0.0001716768	0.2626249	5.926969	0.2168847	0.2850342	-0.01509614	-0.01204427	-0.02044077	-0.004377754	0.0001878474	-0.0007832396
-0.03880353	0.1040495	-0.01168946	-0.0006225218	0.1373512	-0.05575217	-0.0585249	0.005022392	0.0001506267	-0.0001550885	-0.1086097	-2.447331	-0.1441573	-0.04658529	-0.04927776	-0.02865497	-0.03926551	-0.004503338	0.0001748832	-0.0007328495
0.08667374	0.09265499	-0.01689899	-0.006128308	0.05115632	-0.07480658	-0.05508918	0.00293074	7.182942e-05	-0.000115858	-0.2636556	-5.94537	-0.2020337	-0.07413117	-0.05451716	-0.04628341	0.01692983	-0.00463167	0.0001621519	-0.0006828968
0.1465388	-0.02379883	-0.02395446	-0.005997397	-0.0117941	-0.04815139	-0.05325897	0.001709097	3.298419e-05	-8.282983e-05	-0.2945251	-6.643418	-0.2207524	-0.1085834	-0.05181813	-0.02593447	0.01213337	-0.004762321	0.0001496795	-0.0006334025
0.03851042	-0.07440374	-0.02890205	0.0003829258	-0.04454686	-0.02340584	-0.05226195	0.001097891	2.035674e-05	-6.237018e-05	-0.2182127	-4.931362	-0.1993137	-0.09995615	-0.04817934	-0.01760381	0.05135307	-0.004895469	0.0001374906	-0.000584387
-0.001755215	0.01236684	-0.02319679	0.004481547	-0.05793761	-0.008076108	-0.05165164	0.0008304768	2.246771e-05	-5.207372e-05	-0.08173483	-1.842566	-0.1027216	-0.081241	-0.04260142	-0.03529714	0.03656858	-0.006030654	0.0001256084	-0.0005358706
0.06415981	0.03179753	-0.01994723	0.000926763	-0.06000288	0.0003048056	-0.05118791	0.0007350846	3.042702e-05	-4.833285e-05	-0.1720896	-3.888988	-0.1239788	-0.0854385	-0.03008252	-0.03100329	0.09279157	-0.006168032	0.0001140548	-0.000487873
0.06209708	0.007435393	-0.0213516	0.0008162266	-0.05662749	0.003616992	-0.05076723	0.0007081986	3.999647e-05	-4.716806e-05	-0.1012808	-2.283716	-0.09508356	-0.05555084	-0.05362244	-0.01673378	0.06799351	-0.006307283	0.00010285	-0.0004404139
0.07930845	0.02856833	-0.01832309	0.003921784	-0.05207545	0.006566149	-0.05035622	0.0007042241	5.025739e-05	-4.69336e-05	-0.06430144	-1.454591	-0.05204086	-0.003585237	-0.007221427	-0.01047259	0.09520479	-0.004448226	9.201336e-05	-0.0003935121
0.1193397	-0.03270777	-0.0135164	0.0001580528	-0.04281127	0.06360029	-0.04994245	0.0007122452	6.02658e-05	-4.738971e-05	0.3477542	7.865258	0.3310654	0.2414282	0.01611913	0.07475968	0.3573463	-0.004590668	8.156256e-05	0.0006528136
0.01359895	-0.0837888	-0.01801544	0.006851437	0.07578966	0.1027068	-0.04951436	0.0007697315	6.958525e-05	-2.480289e-05	0.1987858	4.499566	0.1701816	0.0004610702	-0.02059858	0.0009756638	0.300521	-0.004735792	7.151414e-05	0.0006987182
-0.04747561	-0.0411335	0.0001781036	0.01016014	0.1630187	0.01479454	-0.04898455	0.02908136	0.0001247401	0.005184015	-0.2149901	-4.863779	-0.1845336	-0.1383633	-0.02237924	-0.005811305	0.2877219	-0.00488236	6.188339e-05	-0.0002561398
-0.06729563	-0.04859514	0.002296132	0.001249351	0.1056124	-0.07048087	0.008068114	0.09715843	0.01055154	0.005110052	-0.2084933	-4.716965	-0.1730161	-0.1361366	-0.03620135	-0.01461484	0.2728387	-0.005029324	5.285902e-05	0.0007885494
-0.1430955	-0.0130766	0.002668067	0.02763027	0.02241081	-0.06833221	0.1448952	0.06511141	0.0104283	-0.004822827	-0.27079	-6.107485	-0.2043204	-0.08074275	-0.06207169	-0.006420228	0.3119317	-0.005177258	4.430262e-05	-0.0001673817
-0.09112121	0.07616272	0.05754793	0.04170232	-0.03052398	-0.03975565	0.1381971	-0.04547483	0.0009897006	-0.006369686	-0.155927	-3.5164	-0.1124982	-0.04228052	-0.05299109	-0.03723354	0.2799555	-0.004325443	3.605285e-05	0.0008760527
0.01103839	0.06179818	0.08606298	-0.0003895463	-0.05646168	-0.01799482	0.05383494	-0.07510758	-0.002199677	-0.001553739	-0.09990389	-2.257694	-0.07853179	0.06529024	-0.02896173	-0.03905087	0.1789328	-0.003474141	2.827564e-05	-8.116025e-05
0.03326306	0.01717559	0.05675858	-0.03775825	-0.06582052	-0.005012668	-0.01234029	-0.04023297	-0.001997068	0.003197752	-0.253702	-5.74095	-0.1724251	-0.02706829	-0.01696895	-0.01587013	0.1938451	-0.003622798	-0.0009788424	0.000960967
0.04595546	-0.03553645	0.01053675	-0.04223174	-0.06577433	0.002899767	-0.02711929	0.05506067	0.004315944	0.006973289	2.299655	51.95631	1.962807	1.262671	0.08498427	-0.02068282	-0.3213047	0.007228658	0.003014555	2.423293e-06
-0.03737074	-0.1119129	-0.02771379	-0.02573227	-0.05930839	0.05512663	0.09725568	0.08378096	0.01205119	-0.0006349799	2.206153	49.83874	1.927158	0.2614772	0.02689593	0.01050678	-0.3895388	0.01008063	0.002008479	-0.0009568025
-0.1765988	-0.08232464	-0.04093598	0.005817993	0.04517799	0.1060564	0.1402293	-0.01379031	0.003125062	-0.007011242	0.332782	7.508123	0.247617	0.4603787	0.01377168	0.03470149	-0.1808498	0.004933011	2.938869e-06	8.328049e-05
-0.1993577	0.05665195	-0.01608577	0.03445695	0.1532848	0.03203509	0.06956954	-0.07079017	-0.001866145	-0.002683106	-0.08446079	-1.903591	-0.1168184	-0.03064213	-0.00538819	0.01790443	-0.210249	0.005786358	-2.05438e-06	-0.0008773374
-0.06040527	0.1293598	0.02796951	0.02792684	0.1095023	-0.06419841	-0.001633826	-0.05525157	-0.002121415	0.0001334003	-0.219789	-4.959229	-0.1913485	-0.03264176	-0.02354988	0.02711316	-0.1767843	0.004641455	-6.434996e-06	-0.00083845
0.06086356	0.08692195	0.0397587	-0.003131141	0.02523373	-0.0707309	-0.04139504	-0.0281403	-0.001478863	0.0005481	-0.1328124	-3.006982	-0.1056039	0.01044103	0.002258327	0.03933999	-0.2244044	0.005497617	-1.011292e-05	-0.0008002577
0.1137288	0.02745076	0.02169781	-0.0143156	-0.03143745	-0.04292434	-0.05847561	-0.01012649	-0.0009066114	0.00047682	-0.003736337	-0.08149084	-0.0487852	-0.08138218	0.0120267	0.02758102	-0.1951019	0.005355218	-1.340979e-05	0.0002370558
0.1155272	-0.01452335	0.01111842	-0.00770252	-0.05997422	-0.02009366	-0.06225206	0.0001116266	-0.0004082915	0.0003764269	-0.0175432	-0.4003495	-0.1068913	0.1168263	-0.02923336	0.03483393	-0.09390999	0.004214314	-1.613703e-05	-0.0007263399
0.08442621	-0.02494972	0.006283872	-0.007572975	-0.07092431	-0.00622692	-0.05886588	0.007807049	-3.828154e-05	0.001108184	-0.1452813	-3.27166	-0.1499328	-0.06992432	-0.007517275	0.03610301	-0.08982141	0.004074947	-0.001018284	-0.0006904499
0.06568252	-0.05776105	-0.00403634	-0.01551977	-0.07170469	0.004027451	-0.04724298	0.06712452	0.001922471	0.0004322067	-0.1889363	-4.258094	-0.1669119	-0.105609	-0.01582624	0.03738739	-0.07685123	0.003937462	-1.984129e-05	-0.000655279
-0.03085386	-0.1236826	-0.02476428	-0.01528472	-0.0621444	0.06497617	0.07480731	0.1063411	0.0009347991	-0.008485817	-0.139523	-3.154985	-0.112848	-0.09526198	-0.01516158	0.02369106	-0.1039634	0.003801546	-2.079836e-05	-0.0006208302
-0.1804763	-0.1228576	-0.03461402	-0.00371317	0.05895264	0.1051927	0.1651695	0.01771846	-0.01493761	-0.008514508	-0.1870971	-4.221591	-0.1677597	-0.07889195	-0.0175149	0.02202065	-0.1471789	0.003667688	-2.114578e-05	-0.0005872829
-0.2738681	-0.006729468	-0.0321987	0.01112985	0.1486925	0.01690477	0.1102013	-0.06806246	-0.0159363	0.002973016	-0.1205968	-2.734518	-0.1106229	0.01851859	-0.03088052	0.02536771	-0.03652905	0.002536542	-2.087405e-05	-0.000554482
-0.1903013	0.1231799	-0.01236244	0.01257956	0.09302588	-0.06912736	0.02886377	-0.06619476	-0.008830742	0.006327883	-0.2550399	-5.754165	-0.1644578	-0.1150428	-0.04225565	0.02172691	-0.008040783	0.002407923	-1.997371e-05	-0.0005222511
-0.02470914	0.1299478	-0.007048043	-0.000854666	0.01081795	-0.06758485	-0.02257313	-0.03777728	-0.003140449	0.004319536	-0.208417	-4.710322	-0.1462607	-0.09557383	-0.02463944	0.02711533	-0.03769168	0.002281945	-1.84354e-05	-0.0004909231
0.07073931	0.08398217	-0.01408034	0.001122649	-0.04159154	-0.03937482	-0.04720476	-0.01609679	-6.821327e-05	0.002165862	-0.1477826	-3.335222	-0.1310617	-0.01408999	0.002968101	0.009527178	-0.111473	0.003158707	-1.607199e-05	-0.0004605169
0.1434467	0.07057605	-0.004811188	0.003862629	-0.06726971	-0.01781455	-0.05534248	-0.003145967	0.001305758	0.0007990152	-0.0351238	-0.7985703	-0.09685183	-0.09257936	0.01557642	-0.00103587	-0.1064086	0.002038626	-1.320708e-05	0.0005693031
0.2113566	0.03472478	-0.006363696	-0.01337536	-0.07650492	-0.004915086	-0.05409288	0.003539188	0.001640286	-2.431491e-06	-0.1223809	-2.773019	-0.1316011	-0.05504852	-0.004800704	0.01242527	-0.06451078	0.00192175	-9.673539e-06	-0.0004014601
0.2116831	-0.01957019	-0.03157049	-0.02352817	-0.07636483	0.001780137	-0.04885715	0.005682602	0.001410387	-0.0003738632	-0.2116486	-4.792705	-0.1603752	-0.05949936	-0.009188859	-0.003070491	-0.03075173	0.001807465	-5.61925e-06	-0.0003729568
0.1709998	-0.0227128	-0.05342817	-0.005823132	-0.07220989	0.008385913	-0.04330759	0.005179832	0.001002723	-0.0004385622	-0.2659825	-6.016891	-0.1702155	-0.09900777	-0.01857581	0.01144871	-0.01314355	0.001696161	-0.001000859	-0.0003453167
0.1654475	-0.05715598	-0.04322448	0.01097014	-0.05886694	0.07043697	-0.03906347	0.003779966	0.0006446166	-0.0003537801	-0.08434699	-1.909763	-0.0800908	-0.0585246	-0.007957401	0.02299646	0.03032086	0.001587857	4.772689e-06	-0.0003181977
0.05593333	-0.1502127	-0.0314958	0.007274779	0.06936219	0.1019527	-0.036303	0.003711029	0.0004075626	0.0003075165	0.1302502	2.950496	0.09098952	0.1639486	0.08567157	0.0245737	-0.05937481	0.002482729	0.00101095	0.0007082332
-0.1346385	-0.1640444	-0.02868305	0.002290456	0.1454682	0.006458512	-0.03218983	0.05292205	0.001372742	0.006381285	0.3868108	8.738927	0.2870278	0.2113848	0.1173117	-0.003820821	-0.2972146	0.003380607	1.78594e-05	0.000733987
-0.2699122	-0.05371218	-0.02692307	0.01788017	0.08254965	-0.07229952	0.06900301	0.1036368	0.01328041	0.002970231	0.1823224	4.11925	0.0480031	0.144784	0.05596088	0.03280734	-0.2092021	0.002281285	2.550776e-05	-0.0002409236
-0.2384684	0.08287865	0.007069072	0.03699797	0.001271294	-0.06605444	0.1747995	0.03051514	0.007388691	-0.006967185	0.0577711	1.303147	-0.07709286	-0.06484212	0.05761612	0.01446758	-0.194327	0.002184873	0.001033903	-0.0002164843
-0.1008746	0.1284703	0.04706405	0.02638462	-0.04898698	-0.03755191	0.1300145	-0.06447368	-0.000561266	-0.004868512	-0.1668711	-3.780008	-0.1272771	0.01447749	0.03627425	0.02015878	-0.1195829	0.001091311	4.28752e-05	-0.0001928581
0.020378	0.09776174	0.05982877	0.002955985	-0.07315507	-0.01656826	0.04572099	-0.07002266	-0.00223241	-0.0006583628	-0.1486297	-3.34779	-0.09956325	-0.09328497	0.03195111	0.0328845	-0.1259421	0.001000523	5.258669e-05	-0.0001696965
0.09534349	0.05805517	0.05296624	-0.00888665	-0.08139545	-0.004125853	-0.01037343	-0.04162925	-0.001757187	0.0004814584	-0.1554836	-3.513729	-0.09894526	-0.09910878	0.02364437	0.02561323	-0.1234613	0.0009126008	6.321976e-05	-0.0001469627
0.1364341	-0.00377386	0.04204581	-0.01805095	-0.08066148	0.002192068	-0.03802087	-0.01851448	-0.001150077	0.0005157604	0.02255022	0.5087969	-0.05043634	-0.04102114	0.05435094	0.05633242	-0.144126	0.001826599	0.001074268	-0.0001247945
0.08733103	-0.06221631	0.01685489	-0.02128182	-0.07626756	0.00419745	-0.04795511	-0.004542218	-0.0006080227	0.0004328308	-0.07257515	-1.632276	-0.07206672	0.003991382	0.02908064	0.03911117	-0.06887024	0.0007433862	8.604612e-05	-0.0001031715
0.01202724	-0.05547812	-0.0005268405	-0.01950694	-0.07153203	0.03542643	-0.04768296	0.002860868	-0.0001683557	0.0002950581	-0.1567428	-3.542305	-0.1017529	-0.08302411	0.01583333	0.0339147	-0.0867076	0.001661994	0.001098555	-8.171654e-05
-0.02284718	-0.06034988	-0.02216769	-0.01286418	-0.004690049	0.1004356	-0.04281034	0.005478994	9.686878e-05	0.0001267037	-0.1820164	-4.105729	-0.111542	-0.08806289	0.02360462	0.02772931	-0.06665551	0.0005829358	0.0001117935	-0.001060718
-0.1075461	-0.01976925	-0.02626349	0.009604068	0.1299239	0.06035717	-0.03728971	0.005189114	0.000199052	-1.888779e-06	-0.1051212	-2.371337	-0.1001741	-0.08612999	0.02142059	0.04757183	-0.0477162	0.0005067003	0.0001257783	-0.001040305
-0.06041318	0.07849984	-0.002967779	0.02274721	0.1163273	-0.04954444	-0.032983	0.003811146	0.0002067931	-6.649748e-05	0.007707639	0.1635544	-0.06589591	-0.05130892	0.0002459763	0.01542306	-0.02989337	0.0004319465	0.0001405256	-0.001020095
0.05095522	0.09617932	0.01922229	0.02225689	0.03116644	-0.07092577	-0.0302075	0.002457446	0.0001797363	-8.464721e-05	-0.1299295	-2.942083	-0.09104469	-0.09359135	0.01207748	0.03527741	-0.02616184	0.0003590604	0.0001560098	-0.001000215
0.1323346	0.01147186	0.04153696	0.008311605	-0.02501459	0.01698263	-0.02860123	0.001521071	0.0001512569	-8.135092e-05	-0.1167696	-2.645311	-0.06435809	0.002032981	0.05993113	0.02515139	-0.04450313	0.0002877561	0.0001723811	1.9367e-05
0.07347516	-0.05216732	0.03583605	-0.002626187	0.06575897	0.07527323	-0.02769445	0.000989846	0.000130876	-7.387092e-05	0.0452915	1.020235	0.03923499	-0.04441548	0.02980266	-0.005966639	-0.05592211	0.0002178824	0.0001894752	3.868503e-05
0.02816418	-0.005359187	0.03627524	0.002322898	0.1259691	-0.003009293	-0.02714835	0.0007234444	0.0001174161	-6.848696e-05	-0.001726455	-0.03800523	-0.0422562	-0.06592969	0.007687136	-0.01006935	-0.05044637	0.0001494337	0.0002073944	5.713386e-05
0.06337361	0.05528075	0.04047249	0.0008488306	0.06005163	-0.07208012	-0.02677301	0.0005969106	0.0001078424	-6.57331e-05	-0.01485546	-0.3307559	-0.04785173	-0.05854405	0.02058954	-0.00317195	-0.06103625	8.175754e-05	0.0002260547	7.530429e-05
0.1389908	0.06378147	0.03796347	-0.00541895	-0.01774187	-0.06169673	-0.02647904	0.0005362424	9.991822e-05	-6.481128e-05	-0.07917175	-1.798738	-0.06960963	-0.08426233	0.03951186	0.000733054	-0.04067409	1.521069e-05	0.0002454485	9.322503e-05
0.1904463	0.000808733	0.0296252	-0.01353244	-0.06272978	-0.03267524	-0.02622429	0.000496608	9.221126e-05	-6.456797e-05	-0.1146162	-2.580615	-0.07047812	-0.03906831	0.02444377	-0.02136381	-0.001358021	-5.053568e-05	0.0002655667	0.0001109254
0.139604	-0.0805728	0.01088935	-0.01256029	-0.08238614	-0.01279592	-0.02600895	0.0004643693	8.479626e-05	-6.461494e-05	-0.1062285	-2.402286	-0.07548515	-0.03195609	0.0003860064	-0.001463789	0.04491205	-0.0001156303	0.0002863982	0.0001284352
0.02880428	-0.05589674	0.004495721	0.0001365077	-0.08757425	-0.001690742	-0.02581814	0.0004389786	7.701701e-05	-6.496179e-05	-0.1169726	-2.644935	-0.0886127	-0.07194256	0.0003399529	0.006432232	0.01515487	-0.001180218	0.0003079301	0.0001457845
0.02842092	0.01475966	0.01115358	0.0009347592	-0.0850094	0.003645519	-0.0256531	0.0004124571	6.893104e-05	-6.5246e-05	-0.09386303	-2.109888	-0.09586579	-0.05602299	-0.004692564	-0.01667226	0.04837935	-0.00124444	0.0003301475	-0.0008369954
0.05893785	0.01295997	0.006356339	0.002772639	-0.07953036	0.005395024	-0.02551492	0.0003853136	6.060699e-05	-6.534118e-05	-0.09785703	-2.206181	-0.09521303	-0.08317742	0.002285655	0.001216421	0.06259725	-0.001308274	0.0003530336	0.0001801248
0.05465027	-0.02187027	0.01669005	0.007407519	-0.07347796	0.04549525	-0.02540382	0.0003658511	5.235498e-05	-6.493511e-05	-0.1459686	-3.295129	-0.09666118	-0.08239999	0.02127044	-0.004895291	0.04682394	-0.001372179	0.0003767239	0.0001970236
0.01554955	-0.08700401	0.02116238	-0.008145006	0.01218886	0.1043369	-0.02530428	0.0003515646	4.486717e-05	-6.55471e-05	-0.06522231	-1.462289	-0.02923012	-0.0497301	0.02126257	-0.02501802	0.007059919	-0.001436099	0.0004010244	0.0002139049
-0.1186149	-0.1279863	0.0003909539	-0.02016364	0.1357453	0.08402847	-0.02522151	0.000323318	3.541305e-05	-6.659578e-05	-0.04161069	-0.9504921	-0.04091464	-0.04212899	0.04126208	0.007850104	0.02831976	-0.001500302	0.000425914	0.0002307985
-0.2383401	-0.09212731	-0.01917361	-0.01480886	0.1805366	0.04859131	-0.02517826	0.0002916342	2.58555e-05	-6.585666e-05	-0.02210327	-0.4890502	-0.02668325	-0.002623562	-0.0127321	-0.01229577	0.05859581	-0.001564721	0.0004513696	0.0002477344
-0.2995905	-0.04113733	-0.02923512	-0.006340851	0.2331249	0.04871205	-0.02515874	0.0002736045	1.790754e-05	-6.498029e-05	-0.1377336	-3.11072	-0.09756241	-0.1061765	-0.01371864	-0.01345941	0.0818833	-0.001629453	0.0004773655	0.0002647427
-0.3167238	0.0375269	-0.03186348	0.01154096	0.2780477	-0.002703351	-0.0251515	0.0002505926	1.012595e-05	-6.37932e-05	-0.1884756	-4.250912	-0.1105365	-0.09781298	-0.01970069	-0.02464153	0.06721371	-0.001694588	0.000503874	0.0002818541
-0.2204746	0.1085837	-0.006161329	0.02031549	0.2277112	-0.09598572	-0.02517799	0.02040554	4.574899e-06	0.003310632	-0.2163129	-4.887256	-0.1405939	-0.08351784	-0.01168125	-0.01284069	0.08858105	-0.001760204	0.0005308652	0.0002990992
-0.09645574	0.05793257	0.008758909	0.002727622	0.08617451	-0.1275954	0.01513907	0.09109693	0.006745661	0.001049916	-0.1762408	-3.978647	-0.10973	-0.08129898	-0.01465939	-0.03906186	0.06500124	-0.001826372	0.0005583068	0.000316509
-0.1027478	0.0280314	-0.0007149418	-0.01839358	-0.02708499	-0.08539749	0.1565965	0.07666257	0.002198985	-0.007407717	-0.1722651	-3.887218	-0.1199415	-0.08913498	-0.009640943	-0.0243071	0.07847721	-0.001893148	0.0005861646	-0.000665885
-0.03846837	0.0568755	-0.02803695	-0.02103131	-0.08398886	-0.03825084	0.1683998	-0.0353994	-0.007961913	-0.005037211	-0.1443724	-3.270662	-0.1242167	-0.09401307	-0.008614535	-0.01757345	0.06902013	-0.001960437	0.0006142558	0.0003520933
0.01228568	0.063645	-0.04278575	-0.004765185	-0.102836	-0.009247794	0.08576287	-0.07671467	-0.007737894	0.001807241	-0.1245535	-2.821776	-0.1135531	-0.07795187	-0.01758787	-0.03186864	0.1036239	-0.002028586	0.0006428529	0.0003703111
0.08959707	0.07141078	-0.03757524	0.006860283	-0.1016943	0.004941698	0.01472827	-0.05484495	-0.004210542	0.002967386	-0.1887888	-4.261112	-0.1239372	-0.09693325	-0.02656741	-0.04018454	0.0873117	-0.002097313	0.0006716052	0.0003886577
0.1551104	0.04858333	-0.02907321	0.006372348	-0.09216478	0.00978315	-0.02434741	-0.02784409	-0.001676538	0.00190398	-0.1629215	-3.677128	-0.1152135	-0.0658595	-0.03554354	-0.02754473	0.1090306	-0.002167652	-0.0002990824	-0.0005926697
0.1861124	0.02862748	-0.02483872	0.004017578	-0.08136015	0.009343168	-0.04147832	-0.01033224	-0.0002834013	0.0009751282	-0.07212812	-1.624819	-0.05455331	-0.06695036	0.0004707291	-0.02791565	0.1128413	-0.002238638	0.0007304206	0.0004262192
0.2114044	0.01615768	-0.0210463	-0.00138122	-0.07273322	0.006795161	-0.04557329	-0.0004202869	0.0003888297	0.0003730851	0.04943898	1.124381	-0.005092624	-0.09204295	0.002472722	-0.01331417	0.1187783	-0.002310003	-0.000240068	0.0004455177
0.2172142	-0.008187831	-0.02760947	-0.007496353	-0.06704266	0.004169739	-0.04289057	0.003995537	0.0005759164	-7.8935e-06	-0.09909869	-2.232785	-0.09272107	-0.03621873	-0.02753768	-0.05074499	0.1018041	-0.001382059	-0.0002104359	0.0004652559
0.193757	-0.02477709	-0.0360472	-0.004510933	-0.0636785	0.002297575	-0.03814716	0.004684051	0.0004856436	-0.0001910164	-0.1446972	-3.279324	-0.1163841	-0.09442456	-0.02755668	-0.0472085	0.1309329	-0.002454791	-0.0001807325	0.0004854645
0.1666226	-0.03146095	-0.03663938	-0.001856214	-0.06173931	0.001225353	-0.03407551	0.003574689	0.0003067483	-0.0002241892	-0.2053312	-4.641666	-0.1310704	-0.04665641	-0.03158392	-0.06269988	0.07915866	-0.001528173	-0.000151009	0.0005061752
0.1300688	-0.09305114	-0.03976767	-0.002222059	-0.06052364	0.003574238	-0.03154061	0.002126566	0.0001506524	-0.0001848228	-0.1529809	-3.467363	-0.1167696	-0.04390371	-0.02662012	-0.03422163	0.1254903	-0.002602171	-0.0001213181	0.00052742
-0.01988082	-0.1567156	-0.04109148	0.002792811	-0.05388923	0.06167379	-0.03035884	0.001009983	5.094587e-05	-0.0001323878	-0.1116355	-2.523172	-0.08646815	-0.02816125	-0.02766571	-0.06677757	0.06592291	-0.001676868	-9.171381e-05	0.0005492317
-0.1822656	-0.1290945	-0.03419	0.006865387	0.06351166	0.110233	-0.03005414	0.0003320822	1.122892e-08	-9.254612e-05	-0.04832122	-1.094685	-0.07117838	0.00657181	-0.02372055	-0.01836478	0.1494679	-0.001752067	-6.225133e-05	0.0005716435
-0.2753509	-0.06491768	-0.02736879	0.005320645	0.1670188	0.09116349	-0.03022742	-2.441937e-05	-1.986306e-05	-6.85499e-05	-0.03201171	-0.731304	-0.03088946	0.08530371	-0.01178964	-0.0599823	0.01211622	-0.001827713	-3.298717e-05	0.0005946896
-0.3084522	0.001444643	-0.02355691	0.008965804	0.246064	0.02519825	-0.03063615	-0.0001980937	-2.274721e-05	-5.563902e-05	0.5282919	11.92794	0.4844038	0.3320402	0.01413539	0.03336857	0.3178764	-0.001903509	-3.978839e-06	0.0006184049
-0.2684822	0.1002366	-0.009445451	0.0178752	0.2174751	-0.07615221	-0.0311578	-0.0002814689	-1.679131e-05	-4.790204e-05	1.586635	35.84109	1.230742	0.7098057	0.0320506	0.05169664	-0.04622439	0.006020336	2.471516e-05	-0.000357062
-0.104399	0.1624273	0.01218496	0.01412966	0.09387925	-0.1133745	-0.0317346	-0.0003281831	-4.218889e-06	-4.467096e-05	1.241951	28.05361	0.9470609	0.3235449	0.08294881	0.0009827342	-0.3582263	0.006943903	5.303551e-05	0.0006681904
0.05831347	0.1489676	0.01880496	0.008595682	-0.008895398	-0.07868291	-0.03235112	-0.0003586314	8.16243e-06	-4.177588e-05	0.4552197	10.28306	0.3043481	0.504279	0.01283474	0.04523617	-0.03112193	0.002867273	-0.0009190779	-0.0003059007
0.1938519	0.09851449	0.02936729	0.01419147	-0.06289303	-0.0372407	-0.03299036	-0.0003745151	2.648885e-05	-3.758467e-05	0.1224978	2.77773	0.03065283	-0.009971097	-0.0002926265	0.01045736	-0.1219103	0.003790533	-0.0008916857	-0.0002790717
0.2543041	-0.01054349	0.04717866	0.002707398	-0.08267023	-0.01066733	-0.03364025	-0.0003919928	4.719905e-05	-3.549748e-05	0.07878091	1.789514	0.06497303	0.09380265	0.003566192	0.02564856	0.02141461	0.00171377	0.0001351511	-0.0002514975
0.1711228	-0.1353351	0.03477253	-0.01908406	-0.08347974	0.00310408	-0.03431608	-0.0004194181	6.963935e-05	-3.326464e-05	0.01508827	0.3428431	-0.02967764	-0.05240011	0.03041535	0.02780668	-0.01615432	0.002637167	0.0001613708	-0.0002229318
-0.01717737	-0.1103305	0.00900121	-0.005290175	-0.07571241	0.008312636	-0.03502252	-0.0004464437	9.474968e-05	-3.03158e-05	-0.1695867	-3.832431	-0.1153048	0.02342785	-0.01774382	0.02893555	0.01837818	0.00156079	-0.0008130883	-0.0001935256
-0.04846853	0.03054088	0.02418332	0.01327767	-0.06612107	0.008429297	-0.03575417	-0.0004672648	0.0001230143	-2.684941e-05	-0.2262605	-5.106678	-0.1339179	-0.07572918	-0.0309124	-0.006962231	-0.002976368	0.001484631	-0.0007883633	-0.000163054
0.04528674	0.06234834	0.03554742	-0.004663233	-0.0581405	0.00639916	-0.03650408	-0.0004794501	0.0001549748	-2.310121e-05	-0.2157431	-4.869606	-0.140361	-0.002771724	-0.01808393	-0.002888594	0.06774472	0.0004095388	-0.0007641446	-0.0001316397
0.07667393	0.02141621	0.01484751	-0.008437587	-0.05262614	0.004171316	-0.03726199	-0.0004898801	0.0001906425	-1.982383e-05	-0.1852748	-4.176643	-0.1168318	-0.1138769	-0.02527052	-0.003840401	0.05158389	0.001334786	-0.0007409237	-9.920421e-05
0.0882514	-0.02759662	0.01866328	-0.003047789	-0.04911279	0.002554044	-0.03803466	0.01291096	0.0002290536	0.003995702	-0.1749418	-3.943739	-0.1164115	-0.1299457	-0.01946686	-0.01081818	0.06455595	0.0002599734	-0.0007187767	-6.556377e-05
0.02149728	-0.1017679	0.008742897	-0.01434439	-0.04684033	0.001848779	-0.01199283	0.08356384	0.00829566	0.01041397	-0.1746161	-3.953002	-0.1129844	-0.07801297	-0.0216717	0.0001764212	0.03664172	0.001185647	-0.0006976083	-0.001030792
-0.1146009	-0.1195949	-0.01003435	-0.01527435	-0.04474227	0.03864965	0.1286056	0.08617291	0.02114704	0.002458755	-0.1432753	-3.238923	-0.111529	-0.05604362	-0.01588326	-0.0208541	0.02184267	0.001111811	-0.0006774798	5.230345e-06
-0.2156495	-0.04697482	-0.02181431	-0.0001395065	0.03112754	0.101373	0.1602183	-0.02367934	0.01326568	-0.008326556	-0.03491211	-0.7863387	-0.04704055	-0.08903596	-0.00109863	-0.01290901	0.002154058	0.001038651	-0.0006584518	4.255267e-05
-0.2054981	0.08952884	-0.01032167	0.02313346	0.1585135	0.05188557	0.08119156	-0.07714963	0.004569463	-0.006369424	-0.1825327	-4.130388	-0.132525	-0.05699291	-0.01031774	-0.001987966	0.06757697	-3.378677e-05	-0.0006405838	8.123966e-05
-0.03364083	0.155071	0.0244441	0.03610646	0.1351418	-0.05408814	0.005665432	-0.05913976	0.0006277624	-0.002753729	-0.2091456	-4.727268	-0.127987	-0.07091074	-0.001539573	-0.007089445	0.02010862	0.0008945927	-0.0006239348	0.0001213064
0.1058781	0.03682401	0.06188212	0.01153082	0.0506293	-0.07310913	-0.03753109	-0.03124352	-0.0008255449	-0.0009414522	-0.1447529	-3.268023	-0.09542717	-0.0737927	0.01423819	0.005787442	0.06674462	0.0008239039	-0.00060855	0.0001628375
0.0398477	-0.05515513	0.04749592	-0.003806751	-0.01060751	-0.04641658	-0.0573731	-0.01255155	-0.001138447	-5.304918e-05	0.004644118	0.108318	0.01615242	0.1143647	0.03401696	0.01864374	-0.09951685	0.001754227	-0.0005944975	0.0002058907
-0.003931994	0.02360203	0.05425906	0.02069785	-0.04160674	-0.02163361	-0.06323547	-0.001792812	-0.0008140342	0.0003933254	0.1700382	3.843597	0.08774606	0.07056051	0.03179833	-0.0425189	-0.243676	0.00268564	-0.0005818358	0.001250525
0.08798921	0.06651258	0.08888193	0.007549937	-0.05321272	-0.006272807	-0.06157471	0.02655231	-0.0002351346	0.00522416	-0.01357229	-0.3102343	-0.03064628	0.09979284	0.009584147	0.001300572	-0.1247319	0.0006182083	-0.0005706187	0.001296803
0.1291124	-0.041108	0.06934862	-0.0335795	-0.05346605	0.002150646	-0.01074266	0.09763659	0.009749255	0.005918181	-0.04019971	-0.9194493	-0.02603441	0.03105373	0.03337711	0.04710289	-0.0006953661	0.0005520714	-0.0005608985	0.000344788
0.005381628	-0.1324897	0.02171297	-0.03995459	-0.0482246	0.01893841	0.1332142	0.07528645	0.01168703	-0.003767409	-0.09683452	-2.19383	-0.05541505	-0.08764115	0.03117954	0.01488962	-0.009565288	0.0004872401	-0.0005527262	0.001394544
-0.1350227	-0.1104525	-0.01056965	-0.02263215	-0.01491338	0.08980488	0.1397071	-0.03799924	0.002294578	-0.006494231	-0.03249678	-0.7418355	-0.03879816	-0.0273037	0.02499058	0.03466097	-0.04033734	0.0004237626	-0.001546151	0.00244614
-0.2132764	-0.006334419	-0.02355983	0.01319635	0.1319913	0.0915191	0.0571089	-0.07567003	-0.001193852	-0.00169687	-0.1181977	-2.660715	-0.09718917	-0.0739451	0.03280988	0.03742075	-0.02200474	-0.0006384567	-0.0005412205	0.001499644
-0.1446628	0.09710068	0.01581477	0.03903346	0.1684235	-0.01958811	-0.01194698	-0.053183	-0.0009813899	0.0004142717	-0.173956	-3.923892	-0.1115968	-0.05454614	0.01664028	0.006169851	0.04342343	-0.0006991198	-0.0005379807	0.001554968
-0.01673179	0.1219179	0.05449811	-0.0005144478	0.09303747	-0.07417886	-0.0497444	-0.02689456	-0.0002481578	0.000646841	-0.2097484	-4.741839	-0.1290154	-0.1021254	0.001489267	-0.01809457	0.06593948	-0.0007583236	-0.0005364757	0.0006124949
0.1002383	0.1098878	0.01477619	-0.05306628	0.02044593	-0.05686745	-0.06631823	-0.009944946	0.0004273004	0.000581533	-0.180576	-4.083583	-0.1184494	-0.09167824	0.01435691	0.005633711	0.103542	-0.0008160474	-0.0005367479	0.0006721503
0.2029407	0.08881747	-0.05164342	-0.05978438	-0.0201653	-0.02931597	-0.07025801	-0.0003614053	0.001027943	0.0004704089	-0.2334487	-5.282349	-0.1479065	-0.1151979	0.01924695	-0.01365068	0.08923235	-0.0008722772	-0.0005385946	0.0007340107
0.2767442	-0.004917452	-0.1048003	-0.02708378	-0.03756888	-0.01078048	-0.06767464	0.003856592	0.001479399	0.0003094971	-0.153435	-3.476682	-0.1294191	-0.1187055	0.004156784	-0.01694711	0.1260022	-0.001927006	-0.0005425335	0.0007981536
0.1912394	-0.07643375	-0.1058178	0.02643518	-0.0410727	-9.44463e-05	-0.06317195	0.004697101	0.001756899	0.0002717176	-0.1885664	-4.252302	-0.1560244	-0.1472627	-0.002937821	-0.02525252	0.1198895	-0.001980544	-0.0005486775	0.0008643486
0.1228645	-0.06829559	-0.05193676	0.04285315	-0.03709688	0.004950571	-0.05889627	0.04086043	0.002131985	-1.80544e-06	-0.1828824	-4.130091	-0.1347505	-0.1088287	0.01097947	0.005444164	0.1239535	-0.001032976	-0.0005564468	0.0009329435
0.05431905	-0.1002498	-0.02011923	0.02177993	-0.03051899	0.006077896	0.0179438	0.1254924	0.001861343	-0.00732005	-0.1482334	-3.341673	-0.09245053	-0.09736538	0.02994445	-0.02287913	0.1070884	-0.001083626	-0.0005661765	0.001004409
-0.07727955	-0.1160718	-0.008385242	0.008834761	-0.02430229	0.005189861	0.1916762	0.144737	-0.01239927	-0.01210235	-0.07364282	-1.659574	-0.03915745	-0.01780693	0.08393784	-0.04320128	0.08731856	-0.001132852	0.0004216703	0.002078487
-0.1761545	-0.0253597	-0.002458257	0.01259115	-0.01951348	0.003813	0.3074415	0.01685472	-0.02219285	-0.004528034	0.1589418	3.592392	0.08909943	0.1437263	0.04597291	-0.09153137	-0.0903853	-0.001180202	0.0004079256	0.001155265
-0.1253411	0.1229935	0.0167884	0.01840516	-0.01606053	0.002711157	0.2256996	-0.1140913	-0.02127622	0.005495765	0.1694076	3.819656	0.1262787	0.1853234	0.03304521	0.02512688	0.08001347	-0.002226134	-0.0006078655	0.0002348264
0.07198268	0.1526579	0.03434306	0.005712129	-0.01348263	0.002044836	0.07936775	-0.1238851	-0.01102488	0.009538984	0.3047596	6.893357	0.2353878	0.3409344	0.05415995	0.2047844	0.1905117	0.0007293161	0.001374271	0.0003172601
0.1801538	0.07022953	0.02820334	-0.01607776	-0.01136772	0.001713146	-0.02232867	-0.0758667	-0.002051763	0.006932145	0.6098723	13.77065	0.4183907	0.3815169	0.008295287	-0.01958222	-0.07887402	-0.0003145403	0.001353664	0.0004026549
0.2115403	-0.03179893	0.002178333	-0.02380596	-0.009457626	0.001576973	-0.07287899	-0.03381994	0.002959685	0.003523937	0.09891021	2.243241	0.06232591	0.1200711	-0.01851041	-0.03994212	-0.1902075	0.001643545	0.001331585	-0.001508899
0.115341	-0.1247762	-0.01941732	-0.01097637	-0.007619053	0.00151127	-0.09060874	-0.00826757	0.005101748	0.001263412	0.07987148	1.806105	0.03619822	-0.1483074	-0.02126068	-0.009302092	-0.1834239	0.001602092	0.001306584	-0.001417311
-0.03826616	-0.1304146	-0.01978275	0.003119649	-0.005844218	0.00142363	-0.0900988	0.004754634	0.005585888	3.354637e-05	0.0837114	1.888222	0.02099029	-0.01067747	-0.03996922	0.03433982	-0.1325509	0.0005626155	0.0002802116	-0.001321628
-0.1442079	-0.07775017	-0.01318636	0.006259162	-0.004184639	0.001377981	-0.08178286	0.009130224	0.005266806	-0.000474264	-0.02666758	-0.6036102	0.01767982	-0.1100459	-0.03862539	0.008960346	-0.09058777	0.001524276	0.0002516618	-0.002222538
-0.1914278	-0.02998828	-0.007272888	0.005127085	-0.002504576	0.001445933	-0.07250087	0.008514733	0.004736257	-0.0005267283	-0.04732137	-1.061637	-0.005762702	0.03055206	-0.02120674	0.006609959	-0.006534048	-0.0005129928	0.001220916	-0.002119945
-0.201374	-0.001937406	-0.002940756	0.00364994	-0.0007126101	0.001550207	-0.06539262	0.006095695	0.004313797	-0.0003732862	-0.02999267	-0.6760663	-0.03528023	-0.1088032	-0.03574417	-0.01476412	-0.0173741	-0.0005492517	0.0001879561	-0.002013748
-0.1923928	0.007571165	1.834584e-05	0.002963451	0.00117225	0.001598627	-0.06093088	0.004766845	0.004091367	-0.0002735961	-0.1148458	-2.597605	-0.1129353	-0.1372742	-0.05628216	-0.01712856	-0.02007817	-0.0005845668	0.0001527646	-0.001905084
